<?xml version="1.0" encoding="UTF-8" standalone="yes"?>
<addon id="script.diceroller.game" name="diceroller" version="0.0.4" provider-name="diceroller">
	<requires>
		<import addon="xbmc.python" version="2.14.0"/>
	</requires>
	<extension point="xbmc.python.script" library="addon.py">
		<provides>executable</provides>
	</extension>
	<extension point="xbmc.addon.metadata">
		<platform>all</platform>
		<summary lang="en">Dices for boardgames</summary>
		<description lang="en">This project is started to learn Python and Kodi - Just roll the dices and play your board game</description>
		<license>GNU General Public License, v2</license>
		<language></language>
		<forum>https://github.com/KodiFun/KodiFun</forum>
		<source>https://github.com/KodiFun/KodiFun</source>
		<email>berichtencentrum@mail.com</email>
	</extension>
</addon>
