<?xml version="1.0" encoding="UTF-8" standalone="yes"?>
<addon id="script.bloggie.game" name="entertain me" version="0.0.1" provider-name="James_">
	<requires>
		<import addon="xbmc.python" version="2.14.0"/>
	</requires>
	<extension point="xbmc.python.script" library="addon.py">
		<provides>executable</provides>
	</extension>
	<extension point="xbmc.addon.metadata">
		<platform>all</platform>
		<summary lang="en">Popup bloggie game</summary>
		<description lang="en">Script to say hello</description>
		<license>GNU General Public License, v2</license>
		<language></language>
		<forum>http://forum.kodi.tv/showthread.php?tid=209948</forum>
		<source>https://github.com/zag2me/script.hello.world</source>
		<email>zag@kodi.org</email>
	</extension>
</addon>
