<?xml version="1.0" encoding="UTF-8" standalone="yes"?>
<addon id="script.boonex.dolphin" name="Dolphin for demo.boonex.com" version="0.0.1" provider-name="KodiFun">
	<requires>
		<import addon="xbmc.python" version="2.14.0"/>
	</requires>
	<extension point="xbmc.python.script" library="default.py">
		<provides>executable</provides>
	</extension>
	<extension point="xbmc.addon.metadata">
		<platform>all</platform>
		<summary lang="en">Kodi connector to boonex dolphin</summary>
		<description lang="en">Connector to demo.boonex.com</description>
		<license>GNU General Public License, v2</license>
		<language></language>
		<forum></forum>
		<source></source>
		<email>berichtencentrum@mail.com</email>
	</extension>
</addon>
