<?xml version="1.0"?>
<addon id="repository.kodifun" name="KodiFun Repo" version="2.0.3" provider-name="KodiFun">
	<extension point="xbmc.addon.repository" name="KodiFun Repository">
		<info compressed="false">https://raw.githubusercontent.com/KodiFun/KodiFun/master/addons.xml</info>
		<checksum>https://raw.githubusercontent.com/KodiFun/KodiFun/master/addons.xml.md5</checksum>
		<datadir zip="true">https://github.com/KodiFun/KodiFun/raw/master/zips</datadir>
	</extension>
	<extension point="xbmc.addon.metadata">
	<summary></summary>
		<description></description>
		<platform>all</platform>
	</extension>
</addon>