<window id="32100">
	<coordinates>
		<system>1</system>
		<posx>0</posx>
		<posy>0</posy>
	</coordinates>
	<controls>
	
	<!-- ============================================= -->
	<!--   S C R E E N       B A C K G R O U N D       -->
	<!-- ============================================= -->

	<!-- Copy of CommonBackground -->
	<control type="image">
		<description>background image</description>
		<posx>0</posx>
		<posy>0</posy>
		<!-- <width>1280</width>
		<height>720</height> -->
		<texture>bg2.png</texture>
	</control>
	
	<!-- ========================================++++++===== -->
	<!--   S C R E E N  D E B U G  B A C K G R O U N D       -->
	<!-- =======================================++++++====== -->
	
		<control type="image">
		<description>background image</description>
		<posx>0</posx>
		<posy>0</posy>
		<texture>debuggrid720.png</texture>
	</control>
	
	<!-- ============================================= -->
	<!--        L O G I N        G R O U P             -->
	<!-- ============================================= -->

		<control type="group" id="32101">
			<description>Login Settings</description>
			<posx>600</posx>
			<posy>250</posy>
			<width>600</width>
			<height>500</height>
			<itemgap>4</itemgap>
			<onleft>251</onleft>
			<onright>251</onright>
			<ondown>9001</ondown>
			<onup>9001</onup>
			
			<control type="label" id="32102">
			<description>Label credentials</description>
			<left>10</left>
			<width>500</width>
			<visible>true</visible>
			<align>left</align>
			<scroll>false</scroll>
			<label>[B]$ADDON[script.boonex.dolphin 32102][/B]</label>
			<info>[B]$ADDON[script.boonex.dolphin 32102][/B]</info>
			<number></number>
			<angle>0</angle>
			<haspath>false</haspath>
			<font>font16</font>
			<textcolor>FFFF0000</textcolor>
			<shadowcolor>ff000000</shadowcolor>
			<wrapmultiline>false</wrapmultiline>
			<scrollspeed>50</scrollspeed>
			<scrollsuffix> - </scrollsuffix>
		</control>
			<control type="edit" id="32001">
				<description>Username box</description>
				<left>0</left>
				<posy>50</posy>
				<width>500</width>
				<visible>true</visible>
				<aligny>center</aligny>
				<label>[B]$ADDON[script.boonex.dolphin 32001][/B]</label>
				<hinttext></hinttext>
				<font>font14</font>
				<textoffsetx>10</textoffsetx>
				<textcolor>FFB2D4F5</textcolor>
				<disabledcolor>FF000000</disabledcolor>
				<invalidcolor>FFFFFFFF</invalidcolor>
			</control>
			<control type="edit" id="32002">
				<description>Password Box</description>
				<left>0</left>
				<posy>100</posy>
				<width>500</width>
				<visible>true</visible>
				<aligny>center</aligny>
				<label>[B]$ADDON[script.boonex.dolphin 32002][/B]</label>
				<hinttext></hinttext>
				<password>true</password>
				<font>font14</font>
				<textoffsetx>10</textoffsetx>
				<textcolor>FFB2D4F5</textcolor>
				<disabledcolor>FF000000</disabledcolor>
				<invalidcolor>FFFFFFFF</invalidcolor>
			</control>
			<control type="button" id=32040>
				<left>0</left>
				<width>180</width>
				<posy>200</posy>
				<label>[B]$ADDON[script.boonex.dolphin 32040][/B]</label>
				<align>Center</align>
			</control>
			<control type="button" id=32041>
				<posy>200</posy>
				<left>200</left>
				<width>180</width>
				<label>[B]$ADDON[script.boonex.dolphin 32041][/B]</label>
			</control>
		</control>
		<control type="group" id="32201">
			<description>Main screen</description>
			<posx>600</posx>
			<posy>250</posy>
			<width>600</width>
			<height>500</height>
			<itemgap>4</itemgap>
			<onleft>251</onleft>
			<onright>251</onright>
			<ondown>9001</ondown>
			<onup>9001</onup>
				<control type="image">
				<description>background image</description>
				<posx>0</posx>
				<posy>0</posy>
				<!-- <width>1280</width>
				<height>720</height> -->
				<texture>bg2.png</texture>
			</control>
			<control type="label" id="32202">
				<description>Label credentials</description>
				<left>10</left>
				<width>500</width>
				<visible>true</visible>
				<align>left</align>
				<scroll>false</scroll>
				<label>[B]$ADDON[script.boonex.dolphin 32102][/B]</label>
				<info>[B]$ADDON[script.boonex.dolphin 32102][/B]</info>
				<number></number>
				<angle>0</angle>
				<haspath>false</haspath>
				<font>font16</font>
				<textcolor>FFFF0000</textcolor>
				<shadowcolor>ff000000</shadowcolor>
				<wrapmultiline>false</wrapmultiline>
				<scrollspeed>50</scrollspeed>
				<scrollsuffix> - </scrollsuffix>
			</control>
			<control type="button" id=32040>
				<left>0</left>
				<width>180</width>
				<posy>200</posy>
				<label>[B]$ADDON[script.boonex.dolphin 32040][/B]</label>
				<align>Center</align>
			</control>
			<control type="button" id=32041>
				<posy>200</posy>
				<left>200</left>
				<width>180</width>
				<label>[B]$ADDON[script.boonex.dolphin 32041][/B]</label>
			</control>
		</control>
		</control>
	</controls>
</window>