<window id="32100">
	<coordinates>
		<system>1</system>
		<posx>0</posx>
		<posy>0</posy>
	</coordinates>
	<controls>
	
	<!-- ============================================= -->
	<!--   S C R E E N       B A C K G R O U N D       -->
	<!-- ============================================= -->

	<!-- Copy of CommonBackground -->
	<control type="image">
		<description>background image</description>
		<posx>0</posx>
		<posy>0</posy>
		<texture>bg2.png</texture>
	</control>
	
	<!-- ========================================++++++===== -->
	<!--   S C R E E N  D E B U G  B A C K G R O U N D       -->
	<!-- =======================================++++++====== -->
	
<!-- 		<control type="image">
		<description>background image</description>
		<posx>0</posx>
		<posy>0</posy>
		<texture>debuggrid720.png</texture>
	</control> -->

	<!-- ============================================= -->
	<!--        L O G I N        G R O U P             -->
	<!-- ============================================= -->

	<control type="group" id="32101">
			<description>Login Settings</description>
			<posx>600</posx>
			<posy>250</posy>
			<width>600</width>
			<height>500</height>
			<itemgap>4</itemgap>
			<onleft>251</onleft>
			<onright>251</onright>
			<ondown>9001</ondown>
			<onup>9001</onup>
				<control type="label" id="32102">
				<description>Label credentials</description>
				<left>10</left>
				<width>500</width>
				<visible>true</visible>
				<align>left</align>
				<scroll>false</scroll>
				<label>[B]$ADDON[script.boonex.dolphin 32102][/B]</label>
				<info>[B]$ADDON[script.boonex.dolphin 32102][/B]</info>
				<number></number>
				<angle>0</angle>
				<haspath>false</haspath>
				<font>font16</font>
				<textcolor>FFFF0000</textcolor>
				<shadowcolor>ff000000</shadowcolor>
				<wrapmultiline>false</wrapmultiline>
				<scrollspeed>50</scrollspeed>
				<scrollsuffix> - </scrollsuffix>
			</control>
				<control type="edit" id="32001">
					<description>Username box</description>
					<left>0</left>
					<posy>50</posy>
					<width>500</width>
					<visible>true</visible>
					<aligny>center</aligny>
					<label>[B]$ADDON[script.boonex.dolphin 32001][/B]</label>
					<hinttext></hinttext>
					<font>font14</font>
					<textoffsetx>10</textoffsetx>
					<textcolor>FFB2D4F5</textcolor>
					<disabledcolor>FF000000</disabledcolor>
					<invalidcolor>FFFFFFFF</invalidcolor>
				</control>
				<control type="edit" id="32002">
					<description>Password Box</description>
					<left>0</left>
					<posy>100</posy>
					<width>500</width>
					<visible>true</visible>
					<aligny>center</aligny>
					<label>[B]$ADDON[script.boonex.dolphin 32002][/B]</label>
					<hinttext></hinttext>
					<password>true</password>
					<font>font14</font>
					<textoffsetx>10</textoffsetx>
					<textcolor>FFB2D4F5</textcolor>
					<disabledcolor>FF000000</disabledcolor>
					<invalidcolor>FFFFFFFF</invalidcolor>
				</control>
				<control type="button" id=32040>
					<left>0</left>
					<width>180</width>
					<posy>200</posy>
					<label>[B]$ADDON[script.boonex.dolphin 32040][/B]</label>
					<align>Center</align>
				</control>
				<control type="button" id=32041>
					<posy>200</posy>
					<left>200</left>
					<width>180</width>
					<label>[B]$ADDON[script.boonex.dolphin 32041][/B]</label>
				</control>
		</control>
	
	<!-- ========================================++++++===== -->
	<!--            M A I N        S C R E E N               -->
	<!-- =======================================++++++====== -->
	
	<control type="group" id="32201">
			<description>Main screen</description>
			<posx>200</posx>
			<posy>0</posy>
			<width>600</width>
			<height>720</height>
			<itemgap>4</itemgap>
			<onleft>251</onleft>
			<onright>251</onright>
			<ondown>9001</ondown>
			<onup>9001</onup>
			<!-- Copy of CommonBackground -->
			<control type="image">
				<description>background image</description>
				<posx>0</posx>
				<posy>0</posy>
				<width>437</width>
				<height>712</height>
				<texture>msempty.png</texture>
			</control>
			<control type="button" id=32041>
				<posy>20</posy>
				<posx>10</posx>
				<width>100</width>
				<textcolor>FF000000</textcolor>
				<label>[B]$ADDON[script.boonex.dolphin 32048][/B]</label>
			</control>
			<control type="label"  id=32202>
				<description>Label credentials</description>
				<left>10</left>
				<width>500</width>
				<visible>true</visible>
				<align>left</align>
				<scroll>false</scroll>
				<label>[B]$ADDON[script.boonex.dolphin 32202][/B]</label>
				<info>[B]$ADDON[script.boonex.dolphin 32202][/B]</info>
				<number></number>
				<angle>0</angle>
				<haspath>false</haspath>
				<font>font16</font>
				<textcolor>FFFF0000</textcolor>
				<shadowcolor>ff000000</shadowcolor>
				<wrapmultiline>false</wrapmultiline>
				<scrollspeed>50</scrollspeed>
				<scrollsuffix> - </scrollsuffix>
			</control>
			<control type="button" id=32203>
				<description>row1 image 1</description>
				<posx>10</posx>
				<posy>80</posy>
				<width>128</width>
				<height>128</height>
				<texturefocus colordiffuse="FFFFAAFF">18play.png</texturefocus>
				<texturenofocus colordiffuse="FFFFFFFF">18play.png</texturenofocus>
			</control>
			<control type="button" id=32204>
				<description>row1 image 2</description>
				<posx>150</posx>
				<posy>80</posy>
				<width>128</width>
				<height>128</height>
				<texturefocus colordiffuse="FFFFAAFF">messages.png</texturefocus>
				<texturenofocus colordiffuse="FFFFFFFF">messages.png</texturenofocus>
			</control>
			<control type="button" id=32205>
				<description>row1 image 3</description>
				<posx>290</posx>
				<posy>80</posy>
				<width>128</width>
				<height>128</height>
				<texturefocus colordiffuse="FFFFAAFF">friends.png</texturefocus>
				<texturenofocus colordiffuse="FFFFFFFF">friends.png</texturenofocus>
			</control>
			<control type="button" id=32206>
				<description>row2 image 1</description>
				<posx>10</posx>
				<posy>214</posy>
				<width>128</width>
				<height>128</height>
				<texturefocus colordiffuse="FFFFAAFF">myinfo.png</texturefocus>
				<texturenofocus colordiffuse="FFFFFFFF">myinfo.png</texturenofocus>
			</control>
			<control type="button" id=32207>
				<description>row2 image 2</description>
				<posx>150</posx>
				<posy>214</posy>
				<width>128</width>
				<height>128</height>
				<texturefocus colordiffuse="FFFFAAFF">search.png</texturefocus>
				<texturenofocus colordiffuse="FFFFFFFF">search.png</texturenofocus>
			</control>
			<control type="button" id=32208>
				<description>row2 image 3</description>
				<posx>290</posx>
				<posy>214</posy>
				<width>128</width>
				<height>128</height>
				<texturefocus colordiffuse="FFFFAAFF">photos.png</texturefocus>
				<texturenofocus colordiffuse="FFFFFFFF">photos.png</texturenofocus>
			</control>
			<control type="button" id=32209>
				<description>row3 image 1</description>
				<posx>10</posx>
				<posy>350</posy>
				<width>128</width>
				<height>128</height>
				<texturefocus colordiffuse="FFFFAAFF">videos.png</texturefocus>
				<texturenofocus colordiffuse="FFFFFFFF">videos.png</texturenofocus>
			</control>
			<control type="button" id=32210>
				<description>row3 image 2</description>
				<posx>150</posx>
				<posy>350</posy>
				<width>128</width>
				<height>128</height>
				<visible>true</visible>
				<texturefocus colordiffuse="FFFFAAFF">location.png</texturefocus>
				<texturenofocus colordiffuse="FFFFFFFF">location.png</texturenofocus>
			</control>
			<control type="button" id=32211>
				<description>row3 image 3</description>
				<posx>290</posx>
				<posy>350</posy>
				<width>128</width>
				<height>128</height>
				<texturefocus colordiffuse="FFFFAAFF">articles.png</texturefocus>
				<texturenofocus colordiffuse="FFFFFFFF">articles.png</texturenofocus>
			</control>
			<control type="button" id=32212>
				<description>row4 image 1</description>
				<posx>10</posx>
				<posy>484</posy>
				<width>128</width>
				<height>128</height>
				<texturefocus colordiffuse="FFFFAAFF">blogs.png</texturefocus>
				<texturenofocus colordiffuse="FFFFFFFF">blogs.png</texturenofocus>
			</control>
<!-- 			<control type="button" id=32213>
				<description>row4 image 2</description>
				<posx>150</posx>
				<posy>484</posy>
				<width>128</width>
				<height>128</height>
				<texturefocus colordiffuse="FFFFAAFF">location.png</texturefocus>
				<texturenofocus colordiffuse="FFFFFFFF">location.png</texturenofocus>
			</control>
			<control type="button" id=32214>
				<description>row4 image 3</description>
				<posx>290</posx>
				<posy>484</posy>
				<width>128</width>
				<height>128</height>
				<texturefocus colordiffuse="FFFFAAFF">articles.png</texturefocus>
				<texturenofocus colordiffuse="FFFFFFFF">articles.png</texturenofocus>
			</control> -->
			<control type="button" id=32043>
				<description>bottom home button</description>
				<posx>10</posx>
				<posy>664</posy>
				<width>80</width>
				<height>48</height>
				<textcolor>FF000000</textcolor>
				<label>[B]$ADDON[script.boonex.dolphin 32043][/B]</label>
				<texturefocus colordiffuse="FFFFAAFF">ihome.png</texturefocus>
				<texturenofocus colordiffuse="FFFFFFFF">ihome.png</texturenofocus>
			</control>
			<control type="button" id=32044>
				<description>bottom imyinfo button</description>
				<posx>100</posx>
				<posy>664</posy>
				<width>80</width>
				<height>48</height>
				<textcolor>FF000000</textcolor>
				<label>[B]$ADDON[script.boonex.dolphin 32044][/B]</label>
				<texturefocus colordiffuse="FFFFAAFF">imyinfo.png</texturefocus>
				<texturenofocus colordiffuse="FFFFFFFF">imyinfo.png</texturenofocus>
			</control>
			<control type="button" id=32045>
				<description>bottom imessages button</description>
				<posx>190</posx>
				<posy>664</posy>
				<width>80</width>
				<height>48</height>
				<textcolor>FF000000</textcolor>
				<label>[B]$ADDON[script.boonex.dolphin 32045][/B]</label>
				<texturefocus colordiffuse="FFFFAAFF">imessages.png</texturefocus>
				<texturenofocus colordiffuse="FFFFFFFF">imessages.png</texturenofocus>
			</control>
			<control type="button" id=32046>
				<description>bottom ifriends button</description>
				<posx>270</posx>
				<posy>664</posy>
				<width>80</width>
				<height>48</height>
				<textcolor>FF000000</textcolor>
				<label>[B]$ADDON[script.boonex.dolphin 32046][/B]</label>
				<texturefocus colordiffuse="FFFFAAFF">ifriends.png</texturefocus>
				<texturenofocus colordiffuse="FFFFFFFF">ifriends.png</texturenofocus>
			</control>
			<control type="button" id=32046>
				<description>bottom isearch button</description>
				<posx>358</posx>
				<posy>664</posy>
				<width>80</width>
				<height>48</height>
				<textcolor>FF000000</textcolor>
				<label>[B]$ADDON[script.boonex.dolphin 32046][/B]</label>
				<texturefocus colordiffuse="FFFFAAFF">isearch.png</texturefocus>
				<texturenofocus colordiffuse="FFFFFFFF">isearch.png</texturenofocus>
			</control>
		</control>

	<!-- ============================================= -->
	<!--        F R I E N D S    G R O U P             -->
	<!-- ============================================= -->

	<control type="group" id="32250">
			<description>Friends screen</description>
			<posx>700</posx>
			<posy>0</posy>
			<width>600</width>
			<height>720</height>
			<itemgap>4</itemgap>
			<onleft>251</onleft>
			<onright>251</onright>
			<ondown>9001</ondown>
			<onup>9001</onup>
			<!-- Copy of CommonBackground -->
			<control type="image">
				<description>background image</description>
				<posx>0</posx>
				<posy>0</posy>
				<width>437</width>
				<height>712</height>
				<texture>msempty.png</texture>
			</control>
			<control type="button" id=32041>
				<posy>20</posy>
				<posx>10</posx>
				<width>100</width>
				<textcolor>FF000000</textcolor>
				<label>[B]$ADDON[script.boonex.dolphin 32048][/B]</label>
			</control>
			<control type="label" id="32252">
				<description>label friends list</description>
				<posx>170</posx>
				<posy>20</posy>
				<width>100</width>
				<visible>true</visible>
				<align>center</align>
				<scroll>false</scroll>
				<label>[B]$ADDON[script.boonex.dolphin 32252][/B]</label>
				<info>[B]$ADDON[script.boonex.dolphin 32252][/B]</info>
				<number></number>
				<angle>0</angle>
				<haspath>false</haspath>
				<font>font16</font>
				<textcolor>FF000000</textcolor>
				<shadowcolor>ff000000</shadowcolor>
				<wrapmultiline>false</wrapmultiline>
				<scrollspeed>50</scrollspeed>
				<scrollsuffix> - </scrollsuffix>
			</control>
			<control type="button" id=32253>
				<description>row 1</description>
				<posx>10</posx>
				<posy>80</posy>
				<width>420</width>
				<height>128</height>
				<textcolor>FF000000</textcolor>
				<label>[B]$ADDON[script.boonex.dolphin 32253][/B]</label>
				<align>Center</align>
			</control>
			<control type="button" id=32254>
				<description>row 2</description>
				<posx>10</posx>
				<posy>220</posy>
				<width>420</width>
				<height>128</height>
				<textcolor>FF000000</textcolor>
				<label>[B]$ADDON[script.boonex.dolphin 32254][/B]</label>
				<align>Center</align>
			</control>
			<control type="button" id=32255>
				<description>row 3</description>
				<posx>10</posx>
				<posy>360</posy>
				<width>420</width>
				<height>128</height>
				<textcolor>FF000000</textcolor>
				<texturefocus>listbutton.png</texturefocus>
				<texturenofocus>listbutton.png</texturenofocus>
				<label>[B]$ADDON[script.boonex.dolphin 32255][/B]</label>
				<align>Center</align>
			</control>
			<control type="button" id=32043>
				<description>bottom home button</description>
				<posx>10</posx>
				<posy>664</posy>
				<width>80</width>
				<height>48</height>
				<textcolor>FF000000</textcolor>
				<label>[B]$ADDON[script.boonex.dolphin 32043][/B]</label>
				<texturefocus colordiffuse="FFFFAAFF">ihome.png</texturefocus>
				<texturenofocus colordiffuse="FFFFFFFF">ihome.png</texturenofocus>
			</control>
			<control type="button" id=32044>
				<description>bottom imyinfo button</description>
				<posx>100</posx>
				<posy>664</posy>
				<width>80</width>
				<height>48</height>
				<textcolor>FF000000</textcolor>
				<label>[B]$ADDON[script.boonex.dolphin 32044][/B]</label>
				<texturefocus colordiffuse="FFFFAAFF">imyinfo.png</texturefocus>
				<texturenofocus colordiffuse="FFFFFFFF">imyinfo.png</texturenofocus>
			</control>
			<control type="button" id=32045>
				<description>bottom imessages button</description>
				<posx>190</posx>
				<posy>664</posy>
				<width>80</width>
				<height>48</height>
				<textcolor>FF000000</textcolor>
				<label>[B]$ADDON[script.boonex.dolphin 32045][/B]</label>
				<texturefocus colordiffuse="FFFFAAFF">imessages.png</texturefocus>
				<texturenofocus colordiffuse="FFFFFFFF">imessages.png</texturenofocus>
			</control>
			<control type="button" id=32046>
				<description>bottom ifriends button</description>
				<posx>270</posx>
				<posy>664</posy>
				<width>80</width>
				<height>48</height>
				<textcolor>FF000000</textcolor>
				<label>[B]$ADDON[script.boonex.dolphin 32046][/B]</label>
				<texturefocus colordiffuse="FFFFAAFF">ifriends.png</texturefocus>
				<texturenofocus colordiffuse="FFFFFFFF">ifriends.png</texturenofocus>
			</control>
			<control type="button" id=32046>
				<description>bottom isearch button</description>
				<posx>358</posx>
				<posy>664</posy>
				<width>80</width>
				<height>48</height>
				<textcolor>FF000000</textcolor>
				<label>[B]$ADDON[script.boonex.dolphin 32046][/B]</label>
				<texturefocus colordiffuse="FFFFAAFF">isearch.png</texturefocus>
				<texturenofocus colordiffuse="FFFFFFFF">isearch.png</texturenofocus>
			</control>
		</control>

	<!-- ============================================= -->
	<!--     M E S S A G E S     G R O U P             -->
	<!-- ============================================= -->

	<control type="group" id="32600">
			<description>Messages screen</description>
			<posx>700</posx>
			<posy>0</posy>
			<width>600</width>
			<height>720</height>
			<itemgap>4</itemgap>
			<onleft>251</onleft>
			<onright>251</onright>
			<ondown>9001</ondown>
			<onup>9001</onup>
			<!-- Copy of CommonBackground -->
			<control type="image">
				<description>background image</description>
				<posx>0</posx>
				<posy>0</posy>
				<width>437</width>
				<height>712</height>
				<texture>msempty.png</texture>
			</control>
			<control type="button" id=32051>
				<posy>20</posy>
				<posx>10</posx>
				<width>100</width>
				<textcolor>FF000000</textcolor>
				<label>[B]$ADDON[script.boonex.dolphin 32051][/B]</label>
			</control>
			<control type="label" id="32262">
				<description>label friends list</description>
				<posx>120</posx>
				<posy>20</posy>
				<width>200</width>
				<visible>true</visible>
				<align>center</align>
				<scroll>false</scroll>
				<label>[B]$ADDON[script.boonex.dolphin 32262][/B]</label>
				<info>[B]$ADDON[script.boonex.dolphin 32262][/B]</info>
				<number></number>
				<angle>0</angle>
				<haspath>false</haspath>
				<font>font16</font>
				<textcolor>FF000000</textcolor>
				<wrapmultiline>false</wrapmultiline>
				<scrollspeed>50</scrollspeed>
				<scrollsuffix> - </scrollsuffix>
			</control>
			<control type="button" id=32263>
				<description>row 1</description>
				<posx>10</posx>
				<posy>80</posy>
				<width>420</width>
				<height>128</height>
				<textcolor>FF000000</textcolor>
				<label>[B]$ADDON[script.boonex.dolphin 32263][/B]</label>
				<align>Center</align>
			</control>
			<control type="button" id=32264>
				<description>row 2</description>
				<posx>10</posx>
				<posy>220</posy>
				<width>420</width>
				<height>128</height>
				<textcolor>FF000000</textcolor>
				<label>[B]$ADDON[script.boonex.dolphin 32264][/B]</label>
				<align>Center</align>
			</control>
			<control type="button" id=32265>
				<description>row 3</description>
				<posx>10</posx>
				<posy>360</posy>
				<width>420</width>
				<height>128</height>
				<textcolor>FF000000</textcolor>
				<texturefocus>listbutton.png</texturefocus>
				<texturenofocus>listbutton.png</texturenofocus>
				<label>[B]$ADDON[script.boonex.dolphin 32265][/B]</label>
				<align>Center</align>
			</control>
			<control type="button" id=32043>
				<description>bottom home button</description>
				<posx>10</posx>
				<posy>664</posy>
				<width>80</width>
				<height>48</height>
				<textcolor>FF000000</textcolor>
				<label>[B]$ADDON[script.boonex.dolphin 32043][/B]</label>
				<texturefocus colordiffuse="FFFFAAFF">ihome.png</texturefocus>
				<texturenofocus colordiffuse="FFFFFFFF">ihome.png</texturenofocus>
			</control>
			<control type="button" id=32044>
				<description>bottom imyinfo button</description>
				<posx>100</posx>
				<posy>664</posy>
				<width>80</width>
				<height>48</height>
				<textcolor>FF000000</textcolor>
				<label>[B]$ADDON[script.boonex.dolphin 32044][/B]</label>
				<texturefocus colordiffuse="FFFFAAFF">imyinfo.png</texturefocus>
				<texturenofocus colordiffuse="FFFFFFFF">imyinfo.png</texturenofocus>
			</control>
			<control type="button" id=32045>
				<description>bottom imessages button</description>
				<posx>190</posx>
				<posy>664</posy>
				<width>80</width>
				<height>48</height>
				<textcolor>FF000000</textcolor>
				<label>[B]$ADDON[script.boonex.dolphin 32045][/B]</label>
				<texturefocus colordiffuse="FFFFAAFF">imessages.png</texturefocus>
				<texturenofocus colordiffuse="FFFFFFFF">imessages.png</texturenofocus>
			</control>
			<control type="button" id=32046>
				<description>bottom ifriends button</description>
				<posx>270</posx>
				<posy>664</posy>
				<width>80</width>
				<height>48</height>
				<textcolor>FF000000</textcolor>
				<label>[B]$ADDON[script.boonex.dolphin 32046][/B]</label>
				<texturefocus colordiffuse="FFFFAAFF">ifriends.png</texturefocus>
				<texturenofocus colordiffuse="FFFFFFFF">ifriends.png</texturenofocus>
			</control>
			<control type="button" id=32046>
				<description>bottom isearch button</description>
				<posx>358</posx>
				<posy>664</posy>
				<width>80</width>
				<height>48</height>
				<textcolor>FF000000</textcolor>
				<label>[B]$ADDON[script.boonex.dolphin 32046][/B]</label>
				<texturefocus colordiffuse="FFFFAAFF">isearch.png</texturefocus>
				<texturenofocus colordiffuse="FFFFFFFF">isearch.png</texturenofocus>
			</control>
		</control>

		<!-- ============================================= -->
	<!-- F R I E N D S D E T A I L        G R O U P    -->
	<!-- ============================================= -->
	<control type="group" id="32270">
			<description>Friends detail screen</description>
			<posx>700</posx>
			<posy>0</posy>
			<width>600</width>
			<height>720</height>
			<itemgap>4</itemgap>
			<onleft>251</onleft>
			<onright>251</onright>
			<ondown>9001</ondown>
			<onup>9001</onup>
			<!-- Copy of CommonBackground -->
			<control type="image">
				<description>background image</description>
				<posx>0</posx>
				<posy>0</posy>
				<width>437</width>
				<height>712</height>
				<texture>msempty.png</texture>
			</control>
			<control type="button" id=32051>
				<posy>20</posy>
				<posx>10</posx>
				<width>100</width>
				<textcolor>FF000000</textcolor>
				<label>[B]$ADDON[script.boonex.dolphin 32051][/B]</label>
			</control>
			<control type="label" id=32272>
				<description>label detail friends list</description>
				<posx>120</posx>
				<posy>20</posy>
				<width>200</width>
				<visible>true</visible>
				<align>center</align>
				<scroll>false</scroll>
				<label>[B]$ADDON[script.boonex.dolphin 32272][/B]</label>
				<info>[B]$ADDON[script.boonex.dolphin 32272][/B]</info>
				<number></number>
				<angle>0</angle>
				<haspath>false</haspath>
				<font>font16</font>
				<textcolor>FF000000</textcolor>
				<wrapmultiline>false</wrapmultiline>
				<scrollspeed>50</scrollspeed>
				<scrollsuffix> - </scrollsuffix>
			</control>
			<control type="button" id=32049>
				<posx>10</posx>
				<posy>80</posy>
				<width>420</width>
				<height>64</height>
				<textcolor>black</textcolor>
				<align>center</align>
				<label>[B]$ADDON[script.boonex.dolphin 32049][/B]</label>
			</control>
			<!-- ============================================= -->
			<!--               F R I E N D    1                -->
			<!-- ============================================= -->
			<control type="image" id=32371>
					<description>profile image</description>
					<posx>10</posx>
					<posy>150</posy>
					<width>64</width>
					<height>64</height>
					<texture></texture>
				</control>
			<control type="label" id=32372>
					<description>label detail friends line1</description>
					<posx>140</posx>
					<posy>150</posy>
					<width>400</width>
					<visible>true</visible>
					<align>left</align>
					<scroll>false</scroll>
					<label>[B]$ADDON[script.boonex.dolphin 32372][/B]</label>
					<info>[B]$ADDON[script.boonex.dolphin 32372][/B]</info>
					<number></number>
					<angle>0</angle>
					<haspath>false</haspath>
					<font>font12</font>
					<textcolor>FF000000</textcolor>
					<wrapmultiline>false</wrapmultiline>
					<scrollspeed>50</scrollspeed>
					<scrollsuffix> - </scrollsuffix>
				</control>
			<control type="label" id=32373>
					<description>label detail friends line 2</description>
					<posx>140</posx>
					<posy>170</posy>
					<width>400</width>
					<visible>true</visible>
					<align>left</align>
					<scroll>false</scroll>
					<label>[B]$ADDON[script.boonex.dolphin 32373][/B]</label>
					<info>[B]$ADDON[script.boonex.dolphin 32373][/B]</info>
					<number></number>
					<angle>0</angle>
					<haspath>false</haspath>
					<font>font12</font>
					<textcolor>FF000000</textcolor>
					<wrapmultiline>false</wrapmultiline>
					<scrollspeed>50</scrollspeed>
					<scrollsuffix> - </scrollsuffix>
				</control>
			<control type="label" id=32374>
					<description>label detail friends line 3</description>
					<posx>140</posx>
					<posy>190</posy>
					<width>400</width>
					<visible>true</visible>
					<align>left</align>
					<scroll>false</scroll>
					<label>[B]$ADDON[script.boonex.dolphin 32374][/B]</label>
					<info>[B]$ADDON[script.boonex.dolphin 32374][/B]</info>
					<number></number>
					<angle>0</angle>
					<haspath>false</haspath>
					<font>font12</font>
					<textcolor>FF000000</textcolor>
					<wrapmultiline>false</wrapmultiline>
					<scrollspeed>50</scrollspeed>
					<scrollsuffix> - </scrollsuffix>
			</control>
			<control type="button" id=32379>
				<posx>10</posx>
				<posy>150</posy>
				<width>420</width>
				<height>64</height>
				<textcolor>black</textcolor>
				<label></label>
			</control>
			<control type="button" id=32379>
				<posx>10</posx>
				<posy>150</posy>
				<width>420</width>
				<height>64</height>
				<textcolor>black</textcolor>
				<label></label>
			</control>
				<!-- ============================================= -->
				<!--               F R I E N D    2                -->
				<!-- ============================================= -->
				<control type="image" id=32381>
					<description>profile image</description>
					<posx>10</posx>
					<posy>220</posy>
					<width>64</width>
					<height>64</height>
					<texture></texture>
				</control>
				<control type="label" id=32382>
					<description>label detail friends line 1</description>
					<posx>140</posx>
					<posy>220</posy>
					<width>400</width>
					<visible>true</visible>
					<align>left</align>
					<scroll>false</scroll>
					<label>[B]$ADDON[script.boonex.dolphin 32382][/B]</label>
					<info>[B]$ADDON[script.boonex.dolphin 32382][/B]</info>
					<number></number>
					<angle>0</angle>
					<haspath>false</haspath>
					<font>font12</font>
					<textcolor>FF000000</textcolor>
					<wrapmultiline>false</wrapmultiline>
					<scrollspeed>50</scrollspeed>
					<scrollsuffix> - </scrollsuffix>
				</control>
				<control type="label" id=32383>
					<description>label detail friends line 2</description>
					<posx>140</posx>
					<posy>240</posy>
					<width>400</width>
					<visible>true</visible>
					<align>left</align>
					<scroll>false</scroll>
					<label>[B]$ADDON[script.boonex.dolphin 32383][/B]</label>
					<info>[B]$ADDON[script.boonex.dolphin 32383][/B]</info>
					<number></number>
					<angle>0</angle>
					<haspath>false</haspath>
					<font>font12</font>
					<textcolor>FF000000</textcolor>
					<wrapmultiline>false</wrapmultiline>
					<scrollspeed>50</scrollspeed>
					<scrollsuffix> - </scrollsuffix>
				</control>
				<control type="label" id=32384>
					<description>label detail friends line 3</description>
					<posx>140</posx>
					<posy>260</posy>
					<width>400</width>
					<visible>true</visible>
					<align>left</align>
					<scroll>false</scroll>
					<label>[B]$ADDON[script.boonex.dolphin 32384][/B]</label>
					<info>[B]$ADDON[script.boonex.dolphin 32384][/B]</info>
					<number></number>
					<angle>0</angle>
					<haspath>false</haspath>
					<font>font12</font>
					<textcolor>FF000000</textcolor>
					<wrapmultiline>false</wrapmultiline>
					<scrollspeed>50</scrollspeed>
					<scrollsuffix> - </scrollsuffix>
			</control>
				<control type="button" id=32389>
				<posx>10</posx>
				<posy>220</posy>
				<width>420</width>
				<height>64</height>
				<textcolor>black</textcolor>
				<label></label>
			</control>
				<!-- ============================================= -->
				<!--               F R I E N D    3                -->
				<!-- ============================================= -->
				<control type="image" id=32391>
					<description>profile image</description>
					<posx>10</posx>
					<posy>290</posy>
					<width>64</width>
					<height>64</height>
					<texture></texture>
				</control>
				<control type="label" id=32392>
					<description>label detail friends line 1</description>
					<posx>140</posx>
					<posy>290</posy>
					<width>400</width>
					<visible>true</visible>
					<align>left</align>
					<scroll>false</scroll>
					<label>[B]$ADDON[script.boonex.dolphin 32392][/B]</label>
					<info>[B]$ADDON[script.boonex.dolphin 32392][/B]</info>
					<number></number>
					<angle>0</angle>
					<haspath>false</haspath>
					<font>font12</font>
					<textcolor>FF000000</textcolor>
					<wrapmultiline>false</wrapmultiline>
					<scrollspeed>50</scrollspeed>
					<scrollsuffix> - </scrollsuffix>
				</control>
				<control type="label" id=32393>
					<description>label detail friends line 2</description>
					<posx>140</posx>
					<posy>310</posy>
					<width>400</width>
					<visible>true</visible>
					<align>left</align>
					<scroll>false</scroll>
					<label>[B]$ADDON[script.boonex.dolphin 32393][/B]</label>
					<info>[B]$ADDON[script.boonex.dolphin 32393][/B]</info>
					<number></number>
					<angle>0</angle>
					<haspath>false</haspath>
					<font>font12</font>
					<textcolor>FF000000</textcolor>
					<wrapmultiline>false</wrapmultiline>
					<scrollspeed>50</scrollspeed>
					<scrollsuffix> - </scrollsuffix>
				</control>
				<control type="label" id=32394>
					<description>label detail friends line 3</description>
					<posx>140</posx>
					<posy>330</posy>
					<width>400</width>
					<visible>true</visible>
					<align>left</align>
					<scroll>false</scroll>
					<label>[B]$ADDON[script.boonex.dolphin 32394][/B]</label>
					<info>[B]$ADDON[script.boonex.dolphin 32394][/B]</info>
					<number></number>
					<angle>0</angle>
					<haspath>false</haspath>
					<font>font12</font>
					<textcolor>FF000000</textcolor>
					<wrapmultiline>false</wrapmultiline>
					<scrollspeed>50</scrollspeed>
					<scrollsuffix> - </scrollsuffix>
			</control>
				<control type="button" id=32399>
				<posx>10</posx>
				<posy>290</posy>
				<width>420</width>
				<height>64</height>
				<textcolor>black</textcolor>
				<label></label>
			</control>
				<!-- ============================================= -->
				<!--               F R I E N D    4                -->
				<!-- ============================================= -->
				<control type="image" id=32401>
					<description>profile image</description>
					<posx>10</posx>
					<posy>360</posy>
					<width>64</width>
					<height>64</height>
					<texture></texture>
				</control>
				<control type="label" id=32402>
					<description>label detail friends line 1</description>
					<posx>140</posx>
					<posy>360</posy>
					<width>400</width>
					<visible>true</visible>
					<align>left</align>
					<scroll>false</scroll>
					<label>[B]$ADDON[script.boonex.dolphin 32402][/B]</label>
					<info>[B]$ADDON[script.boonex.dolphin 32402][/B]</info>
					<number></number>
					<angle>0</angle>
					<haspath>false</haspath>
					<font>font12</font>
					<textcolor>FF000000</textcolor>
					<wrapmultiline>false</wrapmultiline>
					<scrollspeed>50</scrollspeed>
					<scrollsuffix> - </scrollsuffix>
				</control>
				<control type="label" id=32403>
					<description>label detail friends line 2</description>
					<posx>140</posx>
					<posy>380</posy>
					<width>400</width>
					<visible>true</visible>
					<align>left</align>
					<scroll>false</scroll>
					<label>[B]$ADDON[script.boonex.dolphin 32403][/B]</label>
					<info>[B]$ADDON[script.boonex.dolphin 32403][/B]</info>
					<number></number>
					<angle>0</angle>
					<haspath>false</haspath>
					<font>font12</font>
					<textcolor>FF000000</textcolor>
					<wrapmultiline>false</wrapmultiline>
					<scrollspeed>50</scrollspeed>
					<scrollsuffix> - </scrollsuffix>
				</control>
				<control type="label" id=32404>
					<description>label detail friends line 4</description>
					<posx>140</posx>
					<posy>400</posy>
					<width>400</width>
					<visible>true</visible>
					<align>left</align>
					<scroll>false</scroll>
					<label>[B]$ADDON[script.boonex.dolphin 32404][/B]</label>
					<info>[B]$ADDON[script.boonex.dolphin 32404][/B]</info>
					<number></number>
					<angle>0</angle>
					<haspath>false</haspath>
					<font>font12</font>
					<textcolor>FF000000</textcolor>
					<wrapmultiline>false</wrapmultiline>
					<scrollspeed>50</scrollspeed>
					<scrollsuffix> - </scrollsuffix>
			</control>
				<control type="button" id=32409>
				<posx>10</posx>
				<posy>360</posy>
				<width>420</width>
				<height>64</height>
				<textcolor>black</textcolor>
				<label></label>
			</control>
			<!-- ============================================= -->
			<!--               F R I E N D    5                -->
			<!-- ============================================= -->
			<control type="image" id=32411>
					<description>profile image</description>
					<posx>10</posx>
					<posy>430</posy>
					<width>64</width>
					<height>64</height>
					<texture></texture>
				</control>
			<control type="label" id=32412>
					<description>label detail friends line 1</description>
					<posx>140</posx>
					<posy>430</posy>
					<width>400</width>
					<visible>true</visible>
					<align>left</align>
					<scroll>false</scroll>
					<label>[B]$ADDON[script.boonex.dolphin 32412][/B]</label>
					<info>[B]$ADDON[script.boonex.dolphin 32412][/B]</info>
					<number></number>
					<angle>0</angle>
					<haspath>false</haspath>
					<font>font12</font>
					<textcolor>FF000000</textcolor>
					<wrapmultiline>false</wrapmultiline>
					<scrollspeed>50</scrollspeed>
					<scrollsuffix> - </scrollsuffix>
				</control>
			<control type="label" id=32413>
					<description>label detail friends line 2</description>
					<posx>140</posx>
					<posy>450</posy>
					<width>400</width>
					<visible>true</visible>
					<align>left</align>
					<scroll>false</scroll>
					<label>[B]$ADDON[script.boonex.dolphin 32413][/B]</label>
					<info>[B]$ADDON[script.boonex.dolphin 32413][/B]</info>
					<number></number>
					<angle>0</angle>
					<haspath>false</haspath>
					<font>font12</font>
					<textcolor>FF000000</textcolor>
					<wrapmultiline>false</wrapmultiline>
					<scrollspeed>50</scrollspeed>
					<scrollsuffix> - </scrollsuffix>
				</control>
			<control type="label" id=32414>
					<description>label detail friends line 4</description>
					<posx>140</posx>
					<posy>470</posy>
					<width>400</width>
					<visible>true</visible>
					<align>left</align>
					<scroll>false</scroll>
					<label>[B]$ADDON[script.boonex.dolphin 32414][/B]</label>
					<info>[B]$ADDON[script.boonex.dolphin 32414][/B]</info>
					<number></number>
					<angle>0</angle>
					<haspath>false</haspath>
					<font>font12</font>
					<textcolor>FF000000</textcolor>
					<wrapmultiline>false</wrapmultiline>
					<scrollspeed>50</scrollspeed>
					<scrollsuffix> - </scrollsuffix>
			</control>
			<control type="button" id=32419>
				<posx>10</posx>
				<posy>430</posy>
				<width>420</width>
				<height>64</height>
				<textcolor>black</textcolor>
				<label></label>
			</control>
			<!-- ============================================= -->
			<!--               F R I E N D    6                -->
			<!-- ============================================= -->
			<control type="image" id=32421>
				<description>profile image</description>
				<posx>10</posx>
				<posy>500</posy>
				<width>64</width>
				<height>64</height>
				<texture></texture>
			</control>
			<control type="label" id=32422>
				<description>label detail friends line 1</description>
				<posx>140</posx>
				<posy>500</posy>
				<width>400</width>
				<visible>true</visible>
				<align>left</align>
				<scroll>false</scroll>
				<label>[B]$ADDON[script.boonex.dolphin 32422][/B]</label>
				<info>[B]$ADDON[script.boonex.dolphin 32422][/B]</info>
				<number></number>
				<angle>0</angle>
				<haspath>false</haspath>
				<font>font12</font>
				<textcolor>FF000000</textcolor>
				<wrapmultiline>false</wrapmultiline>
				<scrollspeed>50</scrollspeed>
				<scrollsuffix> - </scrollsuffix>
				</control>
			<control type="label" id=32423>
					<description>label detail friends line 2</description>
					<posx>140</posx>
					<posy>520</posy>
					<width>400</width>
					<visible>true</visible>
					<align>left</align>
					<scroll>false</scroll>
					<label>[B]$ADDON[script.boonex.dolphin 32413][/B]</label>
					<info>[B]$ADDON[script.boonex.dolphin 32413][/B]</info>
					<number></number>
					<angle>0</angle>
					<haspath>false</haspath>
					<font>font12</font>
					<textcolor>FF000000</textcolor>
					<wrapmultiline>false</wrapmultiline>
					<scrollspeed>50</scrollspeed>
					<scrollsuffix> - </scrollsuffix>
				</control>
			<control type="label" id=32424>
					<description>label detail friends line 3</description>
					<posx>140</posx>
					<posy>540</posy>
					<width>400</width>
					<visible>true</visible>
					<align>left</align>
					<scroll>false</scroll>
					<label>[B]$ADDON[script.boonex.dolphin 32414][/B]</label>
					<info>[B]$ADDON[script.boonex.dolphin 32414][/B]</info>
					<number></number>
					<angle>0</angle>
					<haspath>false</haspath>
					<font>font12</font>
					<textcolor>FF000000</textcolor>
					<wrapmultiline>false</wrapmultiline>
					<scrollspeed>50</scrollspeed>
					<scrollsuffix> - </scrollsuffix>
			</control>
			<control type="button" id=32429>
				<posx>10</posx>
				<posy>500</posy>
				<width>420</width>
				<height>64</height>
				<textcolor>black</textcolor>
				<label></label>
			</control>
				<!-- ============================================= -->
				<!--        B O T T E M B U T T O N S              -->
				<!-- ============================================= -->
				<control type="button" id=32050>
				<posx>10</posx>
				<posy>590</posy>
				<width>420</width>
				<height>64</height>
				<textcolor>black</textcolor>
				<align>center</align>
				<label>[B]$ADDON[script.boonex.dolphin 32050][/B]</label>
			</control>
			<control type="button" id=32043>
				<description>bottom home button</description>
				<posx>10</posx>
				<posy>664</posy>
				<width>80</width>
				<height>48</height>
				<textcolor>FF000000</textcolor>
				<label>[B]$ADDON[script.boonex.dolphin 32043][/B]</label>
				<texturefocus colordiffuse="FFFFAAFF">ihome.png</texturefocus>
				<texturenofocus colordiffuse="FFFFFFFF">ihome.png</texturenofocus>
			</control>
			<control type="button" id=32044>
				<description>bottom imyinfo button</description>
			<posx>100</posx>
				<posy>664</posy>
				<width>80</width>
				<height>48</height>
				<textcolor>FF000000</textcolor>
				<label>[B]$ADDON[script.boonex.dolphin 32044][/B]</label>
				<texturefocus colordiffuse="FFFFAAFF">imyinfo.png</texturefocus>
				<texturenofocus colordiffuse="FFFFFFFF">imyinfo.png</texturenofocus>
			</control>
			<control type="button" id=32045>
				<description>bottom imessages button</description>
				<posx>190</posx>
				<posy>664</posy>
				<width>80</width>
				<height>48</height>
				<textcolor>FF000000</textcolor>
				<label>[B]$ADDON[script.boonex.dolphin 32045][/B]</label>
				<texturefocus colordiffuse="FFFFAAFF">imessages.png</texturefocus>
				<texturenofocus colordiffuse="FFFFFFFF">imessages.png</texturenofocus>
			</control>
			<control type="button" id=32046>
				<description>bottom ifriends button</description>
				<posx>270</posx>
				<posy>664</posy>
				<width>80</width>
				<height>48</height>
				<textcolor>FF000000</textcolor>
				<label>[B]$ADDON[script.boonex.dolphin 32046][/B]</label>
				<texturefocus colordiffuse="FFFFAAFF">ifriends.png</texturefocus>
				<texturenofocus colordiffuse="FFFFFFFF">ifriends.png</texturenofocus>
			</control>
			<control type="button" id=32046>
				<description>bottom isearch button</description>
				<posx>358</posx>
				<posy>664</posy>
				<width>80</width>
				<height>48</height>
				<textcolor>FF000000</textcolor>
				<label>[B]$ADDON[script.boonex.dolphin 32046][/B]</label>
				<texturefocus colordiffuse="FFFFAAFF">isearch.png</texturefocus>
				<texturenofocus colordiffuse="FFFFFFFF">isearch.png</texturenofocus>
			</control>
		</control>

	<!-- ============================================= -->
	<!--        PHOTO           G R O U P             -->
	<!-- ============================================= -->

		<control type="group" id="32450">
			<description>Friends screen</description>
			<posx>700</posx>
			<posy>0</posy>
			<width>600</width>
			<height>720</height>
			<itemgap>4</itemgap>
			<onleft>251</onleft>
			<onright>251</onright>
			<ondown>9001</ondown>
			<onup>9001</onup>
			<!-- Copy of CommonBackground -->
			<control type="image">
				<description>background image</description>
				<posx>0</posx>
				<posy>0</posy>
				<width>437</width>
				<height>712</height>
				<texture>msempty.png</texture>
			</control>
			<control type="image" id=32451>
				<description>Selected image</description>
				<posx>0</posx>
				<posy>0</posy>
				<width>437</width>
				<height>712</height>
				<texture>msempty.png</texture>
			</control>
			<control type="button" id=32051>
				<posx>10</posx>
				<posy>10</posy>
				<width>200</width>
				<height>64</height>
				<textcolor>black</textcolor>
				<label>Back</label>
			</control>
		</control>

	<!-- ============================================= -->
	<!--        I N B O X   M E S S A G E              -->
	<!-- ============================================= -->

		<control type="group" id="32650">
			<description>INBOX READ MESSAGE</description>
			<posx>700</posx>
			<posy>0</posy>
			<width>600</width>
			<height>720</height>
			<itemgap>4</itemgap>
			<onleft>251</onleft>
			<onright>251</onright>
			<ondown>9001</ondown>
			<onup>9001</onup>
			<!-- Copy of CommonBackground -->
			<control type="image">
				<description>background image</description>
				<posx>0</posx>
				<posy>0</posy>
				<width>437</width>
				<height>712</height>
				<texture>msempty.png</texture>
			</control>
			<control type="image" id=32451>
				<description>Selected image</description>
				<posx>0</posx>
				<posy>0</posy>
				<width>437</width>
				<height>712</height>
				<texture>msempty.png</texture>
			</control>
			<control type="button" id=32051>
				<posx>10</posx>
				<posy>10</posy>
				<width>200</width>
				<height>64</height>
				<textcolor>black</textcolor>
				<label>Back</label>
			</control>
			<control type="button" id=32651>
				<posx>220</posx>
				<posy>10</posy>
				<width>200</width>
				<height>64</height>
				<align>right</align>
				<textcolor>black</textcolor>
				<label>Reply</label>
			</control>
			<control type="label" id=32272>
				<description>label detail friends list</description>
				<posx>120</posx>
				<posy>20</posy>
				<width>200</width>
				<visible>true</visible>
				<align>center</align>
				<scroll>false</scroll>
				<label>[B]$ADDON[script.boonex.dolphin 32272][/B]</label>
				<info>[B]$ADDON[script.boonex.dolphin 32272][/B]</info>
				<number></number>
				<angle>0</angle>
				<haspath>false</haspath>
				<font>font16</font>
				<textcolor>FF000000</textcolor>
				<wrapmultiline>false</wrapmultiline>
				<scrollspeed>50</scrollspeed>
				<scrollsuffix> - </scrollsuffix>
			</control>
						<!-- ============================================= -->
			<!--               F R I E N D    1                -->
			<!-- ============================================= -->
			<control type="image" id=32371>
					<description>profile image</description>
					<posx>10</posx>
					<posy>150</posy>
					<width>64</width>
					<height>64</height>
					<texture></texture>
				</control>
			<control type="label" id=32372>
					<description>label detail friends line1</description>
					<posx>140</posx>
					<posy>150</posy>
					<width>400</width>
					<visible>true</visible>
					<align>left</align>
					<scroll>false</scroll>
					<label>[B]$ADDON[script.boonex.dolphin 32372][/B]</label>
					<info>[B]$ADDON[script.boonex.dolphin 32372][/B]</info>
					<number></number>
					<angle>0</angle>
					<haspath>false</haspath>
					<font>font12</font>
					<textcolor>FF000000</textcolor>
					<wrapmultiline>false</wrapmultiline>
					<scrollspeed>50</scrollspeed>
					<scrollsuffix> - </scrollsuffix>
				</control>
			<control type="label" id=32373>
					<description>label detail friends line 2</description>
					<posx>140</posx>
					<posy>170</posy>
					<width>400</width>
					<visible>true</visible>
					<align>left</align>
					<scroll>false</scroll>
					<label>[B]$ADDON[script.boonex.dolphin 32373][/B]</label>
					<info>[B]$ADDON[script.boonex.dolphin 32373][/B]</info>
					<number></number>
					<angle>0</angle>
					<haspath>false</haspath>
					<font>font12</font>
					<textcolor>FF000000</textcolor>
					<wrapmultiline>false</wrapmultiline>
					<scrollspeed>50</scrollspeed>
					<scrollsuffix> - </scrollsuffix>
				</control>
			<control type="label" id=32374>
					<description>label detail friends line 3</description>
					<posx>140</posx>
					<posy>190</posy>
					<width>400</width>
					<visible>true</visible>
					<align>left</align>
					<scroll>false</scroll>
					<label>[B]$ADDON[script.boonex.dolphin 32374][/B]</label>
					<info>[B]$ADDON[script.boonex.dolphin 32374][/B]</info>
					<number></number>
					<angle>0</angle>
					<haspath>false</haspath>
					<font>font12</font>
					<textcolor>FF000000</textcolor>
					<wrapmultiline>false</wrapmultiline>
					<scrollspeed>50</scrollspeed>
					<scrollsuffix> - </scrollsuffix>
			</control>
			<control type="label" id=32652>
					<description>label detail friends line 3</description>
					<posx>10</posx>
					<posy>230</posy>
					<width>400</width>
					<height>600</height>
					<visible>true</visible>
					<align>left</align>
					<scroll>false</scroll>
					<label>[B]$ADDON[script.boonex.dolphin 32652][/B]</label>
					<info>[B]$ADDON[script.boonex.dolphin 32652][/B]</info>
					<number></number>
					<angle>0</angle>
					<haspath>false</haspath>
					<font>font12</font>
					<textcolor>FF000000</textcolor>
					<wrapmultiline>true</wrapmultiline>
					<scrollspeed>50</scrollspeed>
					<scrollsuffix> - </scrollsuffix>
			</control>
		</control>
		
		</controls>
</window>