<window id="32220">
	<coordinates>
		<system>1</system>
		<posx>0</posx>
		<posy>0</posy>
	</coordinates>
	<controls>
		<!-- ============================================= -->
		<!--   S C R E E N       B A C K G R O U N D       -->
		<!-- ============================================= -->
		<!-- Copy of CommonBackground -->
		<control type="image">
			<description>background image</description>
			<posx>0</posx>
			<posy>0</posy>
			<texture>bgWhite.png</texture>
		</control>
		<!-- <control type="image">
			<description>background image</description>
			<posx>0</posx>
			<posy>0</posy>
			<texture>debuggrid720.png</texture>
		</control> -->
		<control type="group" id="32221">
			<description>playerdata</description>
			<posy>100</posy>
			<centerleft>720</centerleft>
			<width>600</width>
			<height>500</height>
			<itemgap>4</itemgap>
			<onleft>251</onleft>
			<onright>251</onright>
			<ondown>9001</ondown>
			<onup>9001</onup>
			<align>center</align>
			<control type="label" id="32222">
				<description>Player</description>
				<width>250</width>
				<visible>true</visible>
				<align>left</align>
				<scroll>false</scroll>
				<label>[B]$ADDON[script.kodifun.game 32222][/B]</label>
				<info>[B]$ADDON[script.kodifun.game 32222][/B]</info>
				<number></number>
				<angle>0</angle>
				<haspath>false</haspath>
				<font>font16</font>
				<textcolor>FFFF0000</textcolor>
				<shadowcolor>ff000000</shadowcolor>
				<wrapmultiline>false</wrapmultiline>
				<scrollspeed>50</scrollspeed>
				<scrollsuffix> - </scrollsuffix>
			</control>
			<control type="label" id="32050">
				<description>My First label</description>
				<width>250</width>
				<visible>true</visible>
				<align>left</align>
				<scroll>false</scroll>
				<label>NR</label>
				<info></info>
				<number></number>
				<angle>0</angle>
				<haspath>false</haspath>
				<font>font16</font>
				<textcolor>FFFF0000</textcolor>
				<shadowcolor>ff000000</shadowcolor>
				<wrapmultiline>false</wrapmultiline>
				<scrollspeed>50</scrollspeed>
				<scrollsuffix> - </scrollsuffix>
			</control>
			<control type="edit" id="32060">
				<description>PlayerName</description>
				<left>0</left>
				<posy>50</posy>
				<width>500</width>
				<visible>true</visible>
				<aligny>center</aligny>
				<label>[B]$ADDON[script.kodifun.game 32060][/B]</label>
				<hinttext></hinttext>
				<font>font14</font>
				<textoffsetx>10</textoffsetx>
				<textcolor>FFB2D4F5</textcolor>
				<disabledcolor>FF000000</disabledcolor>
				<invalidcolor>FFFFFFFF</invalidcolor>
			</control>
			<control type="edit" id="32061">
					<description>PlayerAge</description>
					<left>0</left>
					<posy>100</posy>
					<width>500</width>
					<visible>true</visible>
					<aligny>center</aligny>
					<label>[B]$ADDON[script.kodifun.game 32061][/B]</label>
					<onclick>Skin.SetNumeric(0)</onclick>
					<hinttext></hinttext>
					<font>font14</font>
					<textoffsetx>10</textoffsetx>
					<textcolor>FFB2D4F5</textcolor>
					<disabledcolor>FF000000</disabledcolor>
					<invalidcolor>FFFFFFFF</invalidcolor>
			</control>
			<control type="radiobutton" id="32063">
				<description>Is male radiobutton control</description>
				<type>radiobutton</type>
				<left>0</left>
				<posy>170</posy>
				<width>200</width>
				<height>20</height>
				<visible>true</visible>
				<colordiffuse>FFFFFFFF</colordiffuse>
				<texturefocus>myfocustexture.png</texturefocus>
				<texturenofocus>mynormaltexture.png</texturenofocus>
				<textureradioonfocus colordiffuse="FFFFAAFF">myradiobutton.png</textureradioonfocus>
				<textureradioonnofocus colordiffuse="FFFFAAFF">myradiobutton.png</textureradioonnofocus>
				<textureradioofffocus colordiffuse="FFFFAAFF">myradiobutton_nf.png</textureradioofffocus>
				<textureradiooffnofocus colordiffuse="FFFFAAFF">myradiobutton_nf.png</textureradiooffnofocus>
				<onclick></onclick>
				<label>[B]$ADDON[script.kodifun.game 32063][/B]</label>
				<font>font14</font>
				<textcolor>FFFFFFFF</textcolor>
				<focusedcolor>FFFFFFFF</focusedcolor>
				<disabledcolor>80FFFFFF</disabledcolor>
				<align>left</align>
				<aligny>center</aligny>
				<textoffsetx>0</textoffsetx>
				<textoffsety>5</textoffsety>
				<pulseonselect>true</pulseonselect>
				<onup>2</onup>
				<ondown>3</ondown>
				<onleft>1</onleft>
				<onright>1</onright>
			</control>
			<control type="radiobutton" id="32064">
				<description>Is Female radiobutton control</description>
				<type>radiobutton</type>
				<left>250</left>
				<posy>170</posy>
				<width>200</width>
				<height>20</height>
				<visible>true</visible>
				<colordiffuse>FFFFFFFF</colordiffuse>
				<texturefocus>myfocustexture.png</texturefocus>
				<texturenofocus>mynormaltexture.png</texturenofocus>
				<textureradioonfocus colordiffuse="FFFFAAFF">myradiobutton.png</textureradioonfocus>
				<textureradioonnofocus colordiffuse="FFFFAAFF">myradiobutton.png</textureradioonnofocus>
				<textureradioofffocus colordiffuse="FFFFAAFF">myradiobutton_nf.png</textureradioofffocus>
				<textureradiooffnofocus colordiffuse="FFFFAAFF">myradiobutton_nf.png</textureradiooffnofocus>
				<onclick></onclick>
				<label>[B]$ADDON[script.kodifun.game 32064][/B]</label>
				<font>font14</font>
				<textcolor>FFFFFFFF</textcolor>
				<focusedcolor>FFFFFFFF</focusedcolor>
				<disabledcolor>80FFFFFF</disabledcolor>
				<align>left</align>
				<aligny>center</aligny>
				<textoffsetx>0</textoffsetx>
				<textoffsety>5</textoffsety>
				<pulseonselect>true</pulseonselect>
				<onup>2</onup>
				<ondown>3</ondown>
				<onleft>1</onleft>
				<onright>1</onright>
			</control>
			<control type="label" id="32067">
				<description>label:limit interactions to</description>
				<posy>200</posy>
				<width>500</width>
				<visible>true</visible>
				<align>left</align>
				<scroll>false</scroll>
				<label>[B]$ADDON[script.kodifun.game 32067][/B]</label>
				<info>[B]$ADDON[script.kodifun.game 32067][/B]</info>
				<number></number>
				<angle>0</angle>
				<haspath>false</haspath>
				<font>font16</font>
				<textcolor>FFB2D4F5</textcolor>
				<shadowcolor>ff000000</shadowcolor>
				<wrapmultiline>false</wrapmultiline>
				<scrollspeed>50</scrollspeed>
				<scrollsuffix> - </scrollsuffix>
			</control>
			<control type="radiobutton" id="32065">
				<description>Limit to male radiobutton control</description>
				<type>radiobutton</type>
				<left>0</left>
				<posy>250</posy>
				<width>200</width>
				<height>20</height>
				<visible>true</visible>
				<colordiffuse>FFFFFFFF</colordiffuse>
				<texturefocus>myfocustexture.png</texturefocus>
				<texturenofocus>mynormaltexture.png</texturenofocus>
				<textureradioonfocus colordiffuse="FFFFAAFF">myradiobutton.png</textureradioonfocus>
				<textureradioonnofocus colordiffuse="FFFFAAFF">myradiobutton.png</textureradioonnofocus>
				<textureradioofffocus colordiffuse="FFFFAAFF">myradiobutton_nf.png</textureradioofffocus>
				<textureradiooffnofocus colordiffuse="FFFFAAFF">myradiobutton_nf.png</textureradiooffnofocus>
				<onclick></onclick>
				<label>[B]$ADDON[script.kodifun.game 32065][/B]</label>
				<font>font14</font>
				<textcolor>FFFFFFFF</textcolor>
				<focusedcolor>FFFFFFFF</focusedcolor>
				<disabledcolor>80FFFFFF</disabledcolor>
				<align>left</align>
				<aligny>center</aligny>
				<textoffsetx>0</textoffsetx>
				<textoffsety>5</textoffsety>
				<pulseonselect>true</pulseonselect>
				<onup>2</onup>
				<ondown>3</ondown>
				<onleft>1</onleft>
				<onright>1</onright>
			</control>
			<control type="radiobutton" id="32066">
				<description>Limit to female Female radiobutton control</description>
				<type>radiobutton</type>
				<left>250</left>
				<posy>250</posy>
				<width>200</width>
				<height>20</height>
				<visible>true</visible>
				<colordiffuse>FFFFFFFF</colordiffuse>
				<texturefocus>myfocustexture.png</texturefocus>
				<texturenofocus>mynormaltexture.png</texturenofocus>
				<textureradioonfocus colordiffuse="FFFFAAFF">myradiobutton.png</textureradioonfocus>
				<textureradioonnofocus colordiffuse="FFFFAAFF">myradiobutton.png</textureradioonnofocus>
				<textureradioofffocus colordiffuse="FFFFAAFF">myradiobutton_nf.png</textureradioofffocus>
				<textureradiooffnofocus colordiffuse="FFFFAAFF">myradiobutton_nf.png</textureradiooffnofocus>
				<onclick></onclick>
				<label>[B]$ADDON[script.kodifun.game 32066][/B]</label>
				<font>font14</font>
				<textcolor>FFFFFFFF</textcolor>
				<focusedcolor>FFFFFFFF</focusedcolor>
				<disabledcolor>80FFFFFF</disabledcolor>
				<align>left</align>
				<aligny>center</aligny>
				<textoffsetx>4</textoffsetx>
				<textoffsety>5</textoffsety>
				<pulseonselect>true</pulseonselect>
				<onup>2</onup>
				<ondown>3</ondown>
				<onleft>1</onleft>
				<onright>1</onright>
			</control>
			<control type="button" id=32037>
				<left>300</left>
				<width>200</width>
				<posy>300</posy>
				<label>[B]$ADDON[script.kodifun.game 32037][/B]</label>
				<align>Center</align>
			</control>
			<control type="button" id=32034>
				<posy>300</posy>
				<left>0</left>
				<width>200</width>
				<label>[B]$ADDON[script.kodifun.game 32034][/B]</label>
			</control>          
		</control> 
	</controls>
</window>